published_date,source,source_link,firm_name,news_topic,verdict
17jan2012,Snopes,https://www.snopes.com/fact-check/mcmemo/,Mcdonald's,Operations,FALSE
24jan2012,Snopes,https://www.snopes.com/fact-check/self-insured/,Mcdonald's,Politics,FALSE
11feb2012,Snopes,https://www.snopes.com/fact-check/chicken-mcbites/,Mcdonald's,Operations,TRUE
28feb2012,Snopes,https://www.snopes.com/fact-check/chevy-revolt/,General Motors,Product,FALSE
18mar2012,Snopes,https://www.snopes.com/fact-check/senomyx-flavor-additive/,PepsiCo,Product,FALSE
31mar2012,Snopes,https://www.snopes.com/fact-check/toolooz/,Fox Corporation,Operations,FALSE
25apr2012,politifact,https://www.politifact.com/factchecks/2012/apr/25/facebook-posts/facebook-post-says-bank-america-bonuses-are-big-en/,Bank Of America,Politics,FALSE
11may2012,Snopes,https://www.snopes.com/fact-check/facebook-hack-hurt-offend/,Facebook,Data privacy,FALSE
12jun2012,Snopes,https://www.snopes.com/fact-check/hanging-in-the-febreze/,Procter & Gamble,Product,FALSE
14jun2012,Snopes,https://www.snopes.com/fact-check/monsanto-corn/,Monsanto,Product,FALSE
21jul2012,Snopes,https://www.snopes.com/fact-check/the-not-so-sweet-smell-of-success/,Coty,Product,FALSE
05sep2012,Snopes,https://www.snopes.com/fact-check/lds-sense/,Coca Cola,Religion,FALSE
28sep2012,Snopes,https://www.snopes.com/fact-check/facebook-private-messages/,Facebook,Data privacy,FALSE
01oct2012,Snopes,https://www.snopes.com/fact-check/purchasing-agreement/,General Motors,Politics,FALSE
18oct2012,Snopes,https://www.snopes.com/fact-check/canadian-fox/,Fox Corporation,Legal/Regulatory,FALSE
25oct2012,politifact,https://www.politifact.com/factchecks/2012/oct/25/let-freedom-ring/claims-gm-used-bailout-money-boost-china-operation/,General Motors,Politics,FALSE
27dec2012,Snopes,https://www.snopes.com/fact-check/facebook-pirates/,Facebook,Data privacy,FALSE
11jan2013,Snopes,https://www.snopes.com/fact-check/my-birthday-calendar/,Facebook,Data privacy,FALSE
01apr2013,Snopes,https://www.snopes.com/fact-check/boob-youtube/,Alphabet,Operations,FALSE
23apr2013,Snopes,https://www.snopes.com/fact-check/paypal-class-action-lawsuit/,eBay,Legal/Regulatory,TRUE
24apr2013,Snopes,https://www.snopes.com/fact-check/yahoo-mail/,Yahoo,Operations,TRUE
24apr2013,Snopes,https://www.snopes.com/fact-check/burger-boycott/,Mcdonald's,Politics,FALSE
24apr2013,Snopes,https://www.snopes.com/fact-check/molson-canadian-commercial/,Molson Coors Brewing,Legal/Regulatory,FALSE
26apr2013,Snopes,https://www.snopes.com/fact-check/facebook-closure/,Facebook,Operations,FALSE
20may2013,Snopes,https://www.snopes.com/fact-check/the-caine-mutiny/,Johnson & Johnson,Product,FALSE
05jun2013,Snopes,https://www.snopes.com/fact-check/finger-food/,Wendy's,Product,FALSE
17jun2013,Snopes,https://www.snopes.com/fact-check/toy-story-3-hidden/,Walt Disney,Product,FALSE
22jun2013,Snopes,https://www.snopes.com/fact-check/trademark-of-the-devil/,Procter & Gamble,Founder/Executive Management,FALSE
27jun2013,Snopes,https://www.snopes.com/fact-check/continental-divide/,Continental Airlines,Founder/Executive Management,FALSE
27jul2013,Snopes,https://www.snopes.com/fact-check/rash-decision-3/,Procter & Gamble,Product,FALSE
06aug2013,Snopes,https://www.snopes.com/fact-check/religious-service/,Delta Airlines,Religion,FALSE
12aug2013,Snopes,https://www.snopes.com/fact-check/lawful-interception-recovery-fee/,AT&T,Operations,FALSE
14aug2013,Snopes,https://www.snopes.com/fact-check/insider-spider/,Mondelez International,Product,FALSE
27aug2013,Snopes,https://www.snopes.com/fact-check/diet-riot/,Coca Cola,Product,FALSE
04sep2013,Snopes,https://www.snopes.com/fact-check/cvs/,CVS Health,Religion,TRUE
02oct2013,Snopes,https://www.snopes.com/fact-check/finger-feud/,Apple,Data privacy,FALSE
11oct2013,Snopes,https://www.snopes.com/fact-check/facebook-graph-app-privacy/,Facebook,Data privacy,FALSE
15oct2013,Snopes,https://www.snopes.com/fact-check/facebook-removing-amputee-photos/,Facebook,Operations,FALSE
17oct2013,Snopes,https://www.snopes.com/fact-check/facebook-privacy-removal/,Facebook,Data privacy,FALSE
24oct2013,Snopes,https://www.snopes.com/fact-check/megyn-kelly-essentially/,Fox Corporation,Politics,FALSE
15nov2013,Snopes,https://www.snopes.com/fact-check/cosub2sub-fast-2-furious/,Coca Cola,Product,FALSE
06dec2013,Snopes,https://www.snopes.com/fact-check/nativity-seen/,Facebook,Religion,FALSE
23jan2014,Snopes,https://www.snopes.com/fact-check/marlboro-marijuana-cigarettes/,Philip Morris International,Product,FALSE
23jan2014,Snopes,https://www.snopes.com/fact-check/cockroach-eggs/,Yum! Brands,Product,FALSE
27feb2014,politifact,https://www.politifact.com/factchecks/2014/feb/27/moms-demand-action-gun-sense-america/can-anyone-broker-gun-deal-facebook-and-walk-away-/,Facebook,Politics,TRUE
07mar2014,Snopes,https://www.snopes.com/fact-check/tampax-pearl/,Procter & Gamble,Product,FALSE
10mar2014,Snopes,https://www.snopes.com/fact-check/facebook-39no-religion39-campaign/,Facebook,Religion,FALSE
10mar2014,Snopes,https://www.snopes.com/fact-check/facebook-id/,Facebook,Data privacy,FALSE
22apr2014,politifact,https://www.politifact.com/factchecks/2014/apr/22/todd-starnes/radio-host-only-conservatives-get-banned-facebook/,Facebook,Politics,FALSE
16may2014,Snopes,https://www.snopes.com/fact-check/red-lobster-closing/,Darden Restaurants,Financial,FALSE
28may2014,Snopes,https://www.snopes.com/fact-check/facebook-listens/,Facebook,Data privacy,FALSE
09jun2014,Snopes,https://www.snopes.com/fact-check/wage-and-means/,Walmart,Operations,TRUE
26jun2014,Snopes,https://www.snopes.com/fact-check/false-head-and-shoulders-video/,Procter & Gamble,Product,FALSE
01jul2014,Snopes,https://www.snopes.com/fact-check/pig-in-a-poke/,Tyson Foods,Product,TRUE
14jul2014,politifact,https://www.politifact.com/factchecks/2014/jul/14/facebook-posts/fox-news-banned-canada/,Fox Corporation,Politics,FALSE
22jul2014,Snopes,https://www.snopes.com/fact-check/mountain-ewww/,PepsiCo,Product,TRUE
03aug2014,Snopes,https://www.snopes.com/fact-check/get-out-the-vote-2/,Alphabet,Politics,FALSE
19aug2014,Snopes,https://www.snopes.com/fact-check/brown-shirts/,Ralph Lauren,Politics,FALSE
26aug2014,Snopes,https://www.snopes.com/fact-check/cheap-swills/,Bronco Wine Company,Product,FALSE
26aug2014,Snopes,https://www.snopes.com/fact-check/pumpkin-perfidy/,Starbucks,Product,FALSE
03sep2014,politifact,https://www.politifact.com/factchecks/2014/sep/03/facebook-posts/blogger-claims-mcdonalds-burgers-are-made-85-perce/,Mcdonald's,Product,FALSE
10sep2014,politifact,https://www.politifact.com/factchecks/2014/sep/10/facebook-posts/facebook-post-claims-fox-admits-they-lie-have-righ/,Fox Corporation,Politics,FALSE
23sep2014,Snopes,https://www.snopes.com/fact-check/ibola/,Apple,Product,FALSE
30sep2014,Snopes,https://www.snopes.com/fact-check/hand-gripes/,Yum! Brands,Religion,FALSE
02oct2014,Snopes,https://www.snopes.com/fact-check/fox-skews/,Fox Corporation,Legal/Regulatory,FALSE
04nov2014,Snopes,https://www.snopes.com/fact-check/nacho-cheebola/,PepsiCo,Operations,FALSE
10nov2014,Snopes,https://www.snopes.com/fact-check/shock-mcstuffins/,Walt Disney,Product,FALSE
13nov2014,Snopes,https://www.snopes.com/fact-check/disneys-princes/,Walt Disney,Politics,FALSE
20nov2014,Snopes,https://www.snopes.com/fact-check/killer-deal/,Walmart,Product,TRUE
21nov2014,politifact,https://www.politifact.com/factchecks/2014/nov/21/facebook-posts/facebook-meme-fox-news-topped-same-sex-marriage-ar/,Fox Corporation,Politics,TRUE
22nov2014,Snopes,https://www.snopes.com/fact-check/false-chipotle-exposed-for-using-dog-and-cat-meat-in-food/,Chipotle Mexican Grill,Product,FALSE
06dec2014,Snopes,https://www.snopes.com/fact-check/mcskinny/,Mcdonald's,Operations,FALSE
29dec2014,Snopes,https://www.snopes.com/fact-check/taco-blue-fray/,Chipotle Mexican Grill,Politics,FALSE
29dec2014,Snopes,https://www.snopes.com/fact-check/dont-spare-the-horses/,Anheuser-Busch,Operations,FALSE
05jan2015,Snopes,https://www.snopes.com/fact-check/two-facedbook/,Facebook,Data privacy,FALSE
06jan2015,Snopes,https://www.snopes.com/fact-check/smith-and-lesson/,Fox Corporation,Operations,FALSE
14jan2015,Snopes,https://www.snopes.com/fact-check/capri-cocaine/,Capri Sun Group Holdings,Product,FALSE
15jan2015,Snopes,https://www.snopes.com/fact-check/pulled-pork/,Chipotle Mexican Grill,Religion,FALSE
22jan2015,Snopes,https://www.snopes.com/fact-check/lip-moss/,EOS,Product,TRUE
28jan2015,Snopes,https://www.snopes.com/fact-check/month-end-closeout/,Facebook,Operations,FALSE
01feb2015,Snopes,https://www.snopes.com/fact-check/race-kors/,Capri Holdings,Founder/Executive Management,FALSE
17feb2015,Snopes,https://www.snopes.com/fact-check/ku-klux-kruller/,Krispy Kreme,Politics,TRUE
19feb2015,Snopes,https://www.snopes.com/fact-check/halal-mart/,Walmart,Religion,TRUE
19feb2015,Snopes,https://www.snopes.com/fact-check/facebook-active-sessions/,Facebook,Data privacy,FALSE
25feb2015,Snopes,https://www.snopes.com/fact-check/spiral-sliced-blam/,Coca Cola,Product,FALSE
01mar2015,Snopes,https://www.snopes.com/fact-check/instagod/,Facebook,Religion,FALSE
02mar2015,Snopes,https://www.snopes.com/fact-check/targets-sharia-compliant-lanes/,Target,Religion,FALSE
05mar2015,Snopes,https://www.snopes.com/fact-check/kentucky-fried-chronic/,Yum! Brands,Operations,FALSE
05mar2015,Snopes,https://www.snopes.com/fact-check/quarter-pounder-with-fleas/,Mcdonald's,Product,FALSE
07mar2015,Snopes,https://www.snopes.com/fact-check/cj-pearson/,Facebook,Politics,FALSE
10mar2015,Snopes,https://www.snopes.com/fact-check/facebook-deleting-inactive-likes/,Facebook,Operations,TRUE
17mar2015,truthfiction,https://www.truthorfiction.com/paypalsettle/,Paypal,Legal/Regulatory,TRUE
17mar2015,truthfiction,https://www.truthorfiction.com/facebook-censored-obama-critics/,Facebook,Politics,FALSE
17mar2015,truthfiction,https://www.truthorfiction.com/bogalusa-texaco/,Texaco,Politics,FALSE
17mar2015,truthfiction,https://www.truthorfiction.com/facebook-msg-app-warning/,Facebook,Data privacy,TRUE
17mar2015,truthfiction,https://www.truthorfiction.com/facebook-cia-tool/,Facebook,Politics,FALSE
17mar2015,truthfiction,https://www.truthorfiction.com/target-viet/,Target,Politics,FALSE
17mar2015,truthfiction,https://www.truthorfiction.com/heather-levia-mcdonalds/,Mcdonald's,Operations,TRUE
17mar2015,truthfiction,https://www.truthorfiction.com/mcdonalds-fries-contain-dimethylpolysiloxane/,Mcdonald's,Product,TRUE
17mar2015,truthfiction,https://www.truthorfiction.com/esteelauder/,Estee Lauder,Politics,TRUE
17mar2015,truthfiction,https://www.truthorfiction.com/tysonlaborday/,Tyson Foods,Religion,TRUE
17mar2015,truthfiction,https://www.truthorfiction.com/pyrex-explodes/,Corning,Product,FALSE
17mar2015,truthfiction,https://www.truthorfiction.com/ugg-boots/,Deckers Outdoor,Product,TRUE
17mar2015,truthfiction,https://www.truthorfiction.com/naked-juice/,PepsiCo,Legal/Regulatory,TRUE
17mar2015,truthfiction,https://www.truthorfiction.com/mcdonalds-pink-slime/,Mcdonald's,Product,FALSE
17mar2015,truthfiction,https://www.truthorfiction.com/joy-bugs/,Procter & Gamble,Product,FALSE
17mar2015,truthfiction,https://www.truthorfiction.com/gm-keys/,General Motors,Data privacy,TRUE
17mar2015,truthfiction,https://www.truthorfiction.com/hershey/,Hershey,Politics,TRUE
17mar2015,truthfiction,https://www.truthorfiction.com/starbucks-iraq/,Starbucks,Politics,FALSE
17mar2015,truthfiction,https://www.truthorfiction.com/verizon-fios-porn/,Verizon Communications,Operations,TRUE
17mar2015,truthfiction,https://www.truthorfiction.com/chase-gay-loyalty-survey/,JPMorgan Chase,Politics,FALSE
17mar2015,truthfiction,https://www.truthorfiction.com/walmart-cash-back-scam/,Walmart,Operations,FALSE
17mar2015,truthfiction,https://www.truthorfiction.com/cheerios/,General Mills,Religion,TRUE
17mar2015,truthfiction,https://www.truthorfiction.com/billgates-hm/,Microsoft,Religion,FALSE
17mar2015,truthfiction,https://www.truthorfiction.com/starbucks-pumpkin-spice-lattes/,Starbucks,Product,FALSE
17mar2015,truthfiction,https://www.truthorfiction.com/tampaxpearl/,Procter & Gamble,Product,FALSE
17mar2015,truthfiction,https://www.truthorfiction.com/homedepot-feds/,Home Depot,Politics,TRUE
17mar2015,truthfiction,https://www.truthorfiction.com/bofa-creditcards/,Bank Of America,Politics,TRUE
17mar2015,truthfiction,https://www.truthorfiction.com/google/,Alphabet,Data privacy,TRUE
17mar2015,truthfiction,https://www.truthorfiction.com/ge-x-ray-china/,General Electric,Politics,TRUE
17mar2015,truthfiction,https://www.truthorfiction.com/satanic-barista-at-starbucks/,Starbucks,Religion,TRUE
17mar2015,truthfiction,https://www.truthorfiction.com/huggies-worms/,Kimberly-Clark,Product,TRUE
17mar2015,truthfiction,https://www.truthorfiction.com/wal-mart-now-offering-halal-meat/,Walmart,Religion,TRUE
17mar2015,truthfiction,https://www.truthorfiction.com/best-buy-refund/,Best Buy,Operations,TRUE
17mar2015,truthfiction,https://www.truthorfiction.com/halliburtion-hamill/,Halliburton,Operations,FALSE
17mar2015,truthfiction,https://www.truthorfiction.com/paypal-customer-review-scam/,Paypal,Operations,FALSE
17mar2015,truthfiction,https://www.truthorfiction.com/mcdonalds/,Mcdonald's,Politics,FALSE
17mar2015,truthfiction,https://www.truthorfiction.com/redkettle/,Target,Politics,TRUE
17mar2015,truthfiction,https://www.truthorfiction.com/wal-mart-flipflops/,Walmart,Product,TRUE
17mar2015,truthfiction,https://www.truthorfiction.com/swiffer-wetjet-kills-pets/,Procter & Gamble,Product,FALSE
17mar2015,truthfiction,https://www.truthorfiction.com/procterandgamble/,Procter & Gamble,Founder/Executive Management,FALSE
17mar2015,truthfiction,https://www.truthorfiction.com/ford-gays/,Ford Motor,Politics,TRUE
17mar2015,truthfiction,https://www.truthorfiction.com/pandg-gays/,Procter & Gamble,Politics,TRUE
17mar2015,truthfiction,https://www.truthorfiction.com/facebook-no-religion-swearing/,Facebook,Religion,FALSE
17mar2015,truthfiction,https://www.truthorfiction.com/facebook-charging/,Facebook,Operations,FALSE
17mar2015,truthfiction,https://www.truthorfiction.com/oscar-mayer/,Kraft Heinz,Politics,FALSE
17mar2015,truthfiction,https://www.truthorfiction.com/starbucks-stockholders/,Starbucks,Religion,FALSE
17mar2015,truthfiction,https://www.truthorfiction.com/fashion-designer-michael-kors-tired-of-pretending-to-like-black-people/,Capri Holdings,Politics,FALSE
17mar2015,truthfiction,https://www.truthorfiction.com/falwell-amazon-protest/,Amazon,Politics,TRUE
17mar2015,truthfiction,https://www.truthorfiction.com/walmartflag/,Walmart,Politics,FALSE
17mar2015,truthfiction,https://www.truthorfiction.com/mcdonalds-nglcc/,Mcdonald's,Politics,TRUE
17mar2015,truthfiction,https://www.truthorfiction.com/bachman-tweet/,Coca Cola,Politics,FALSE
17mar2015,truthfiction,https://www.truthorfiction.com/ups-ebay/,United Parcel Service,Politics,FALSE
17mar2015,truthfiction,https://www.truthorfiction.com/ultraclorox/,Procter & Gamble,Product,FALSE
17mar2015,truthfiction,https://www.truthorfiction.com/mcdonalds-shakes/,Mcdonald's,Product,FALSE
17mar2015,truthfiction,https://www.truthorfiction.com/aig-bailout/,American International Group,Politics,FALSE
17mar2015,truthfiction,https://www.truthorfiction.com/netflix-wal-mart-settlement/,Netflix,Legal/Regulatory,TRUE
17mar2015,truthfiction,https://www.truthorfiction.com/microsoft-patent/,Microsoft,Product,TRUE
17mar2015,truthfiction,https://www.truthorfiction.com/exxon-mobil-boycott/,Exxon Mobil,Operations,FALSE
17mar2015,truthfiction,https://www.truthorfiction.com/starbucks/,Starbucks,Operations,TRUE
17mar2015,truthfiction,https://www.truthorfiction.com/foreignbeef/,Mcdonald's,Politics,TRUE
17mar2015,truthfiction,https://www.truthorfiction.com/wellbutrin-generic-fda/,Watson Pharmaceuticals,Legal/Regulatory,TRUE
17mar2015,truthfiction,https://www.truthorfiction.com/hobby-lobby-lawsuit/,Hobby Lobby Stores,Politics,TRUE
20mar2015,truthfiction,https://www.truthorfiction.com/mutant-kfc/,Yum! Brands,Product,FALSE
25mar2015,Snopes,https://www.snopes.com/fact-check/erasers-edge/,Procter & Gamble,Product,FALSE
30mar2015,truthfiction,https://www.truthorfiction.com/pepsi-cuts-under-god-from-pledge-of-allegiance-on-cans/,PepsiCo,Religion,FALSE
02apr2015,politifact,https://www.politifact.com/factchecks/2015/apr/02/erick-erickson/redstate-editor-decries-apple-chief-not-doing-busi/,Apple,Politics,FALSE
05apr2015,Snopes,https://www.snopes.com/fact-check/the-eyes-of-texas/,Mcdonald's,Operations,FALSE
08apr2015,Snopes,https://www.snopes.com/fact-check/rights-rollback/,Walmart,Politics,FALSE
08apr2015,truthfiction,https://www.truthorfiction.com/walmart-started-a-watch-list-for-christian-employees/,Walmart,Religion,FALSE
08apr2015,politifact,https://www.politifact.com/factchecks/2015/apr/08/florida-news-flash/suntrust-bank-closed-brooksville-shops-accounts-se/,Suntrust Banks,Politics,FALSE
20apr2015,Snopes,https://www.snopes.com/fact-check/arizona-tea-exposed-fda-using-human-urine-products/,Hornell Brewing,Product,FALSE
22apr2015,Snopes,https://www.snopes.com/fact-check/appeal-from-the-heart/,Facebook,Corporate Social Responsibility,FALSE
22apr2015,Snopes,https://www.snopes.com/fact-check/fallen-empires/,Fox Corporation,Product,FALSE
22apr2015,Snopes,https://www.snopes.com/fact-check/recall-that-recall/,Johnson & Johnson,Product,FALSE
23apr2015,Snopes,https://www.snopes.com/fact-check/walmart-closure-conspiracy/,Walmart,Operations,FALSE
05may2015,Snopes,https://www.snopes.com/fact-check/nuby-pacifier-recall/,Luv' n Care,Product,FALSE
06may2015,Snopes,https://www.snopes.com/fact-check/swiss-miss/,Walt Disney,Product,FALSE
09may2015,Snopes,https://www.snopes.com/fact-check/false-fda-approves-tranquilizer-dart-guns-that-puts-kids-to-sleep/,Johnson & Johnson,Product,FALSE
19may2015,politifact,https://www.politifact.com/factchecks/2015/may/19/akbar-al-baker/qatar-airways-leader-mark/,Delta Airlines,Operations,FALSE
27may2015,Snopes,https://www.snopes.com/fact-check/cyber-bully-pulpit/,Facebook,Religion,FALSE
30may2015,Snopes,https://www.snopes.com/fact-check/kushland-signature/,Costco Wholesale,Product,FALSE
05jun2015,politifact,https://www.politifact.com/factchecks/2015/jun/05/brian-stelter/brian-stelter-fox-barely-covered-dugger-scandal-un/,Fox Corporation,Politics,TRUE
10jun2015,truthfiction,https://www.truthorfiction.com/disney-fired-250-employees-hired-foreign-replacements/,Walt Disney,Politics,TRUE
11jun2015,Snopes,https://www.snopes.com/fact-check/media-fake-news-splc-fox/,Fox Corporation,Politics,FALSE
18jun2015,Snopes,https://www.snopes.com/fact-check/kentucky-fried-rat-2015/,Yum! Brands,Product,FALSE
18jun2015,Snopes,https://www.snopes.com/fact-check/taste-the-cocainebow/,"Mars, Inc.",Product,FALSE
02jul2015,Snopes,https://www.snopes.com/fact-check/mcdonalds-french-fry-grease/,Mcdonald's,Product,FALSE
20jul2015,Snopes,https://www.snopes.com/fact-check/costco-666-cake/,Costco Wholesale,Religion,FALSE
22jul2015,Snopes,https://www.snopes.com/fact-check/olive-garden-planned-parenthood/,Olive Garden,Politics,FALSE
26jul2015,Snopes,https://www.snopes.com/fact-check/walmart-made-america-bible/,Walmart,Religion,FALSE
28jul2015,Snopes,https://www.snopes.com/fact-check/facebook-usmc-ban/,Facebook,Politics,FALSE
31jul2015,truthfiction,https://www.truthorfiction.com/mcdonalds-coffee-contains-french-fry-grease/,Mcdonald's,Product,FALSE
06aug2015,Snopes,https://www.snopes.com/fact-check/macys-wont-hire-veteran/,Macy's,Politics,FALSE
09aug2015,Snopes,https://www.snopes.com/fact-check/walmart-banana-recall/,Walmart,Product,FALSE
11aug2015,truthfiction,https://www.truthorfiction.com/tyson-foods-plans-to-cut-u-s-jobs-import-chicken-from-china/,Tyson Foods,Politics,FALSE
18aug2015,truthfiction,https://www.truthorfiction.com/walmart-has-recalled-7-tons-of-bananas-infested-with-parasitic-worms/,Walmart,Product,FALSE
20aug2015,Snopes,https://www.snopes.com/fact-check/fox-hires-george-zimmerman/,Fox Corporation,Operations,FALSE
21aug2015,Snopes,https://www.snopes.com/fact-check/huggies-wipes-glass/,Kimberly-Clark,Product,FALSE
21aug2015,Snopes,https://www.snopes.com/fact-check/wawa-closing-2016/,Wawa,Operations,FALSE
14sep2015,Snopes,https://www.snopes.com/fact-check/dunkin-donuts-bankruptcy/,Dunkin' Brands Group,Financial,FALSE
14sep2015,Snopes,https://www.snopes.com/fact-check/dunkin-donuts-bankruptcy-prank/,Dunkin' Brands Group,Financial,FALSE
21sep2015,Snopes,https://www.snopes.com/fact-check/chipotle-never-forget-ad/,Chipotle Mexican Grill,Politics,FALSE
22sep2015,Snopes,https://www.snopes.com/fact-check/sunbeam-bread/,Quality Bakers of America,Religion,TRUE
22sep2015,factcheck,https://www.factcheck.org/2015/09/fiorina-misleads-on-hp-and-iran/,Hewlett-Packard,Politics,FALSE
24sep2015,Snopes,https://www.snopes.com/fact-check/wifi-assist-ios-9-phone-bill/,Apple,Product,FALSE
28sep2015,truthfiction,https://www.truthorfiction.com/facebook-drug-task-force-now-monitoring-all-posts/,Facebook,Data privacy,FALSE
28sep2015,truthfiction,https://www.truthorfiction.com/facebook-users-now-have-to-pay-to-keep-posts-private/,Facebook,Data privacy,FALSE
30sep2015,truthfiction,https://www.truthorfiction.com/the-new-apple-ios-9-wifi-assist-feature-boosts-data-usage/,Apple,Product,TRUE
07oct2015,Snopes,https://www.snopes.com/fact-check/facebook-military-emblems/,Facebook,Politics,FALSE
08oct2015,Snopes,https://www.snopes.com/fact-check/mcdonalds-marijuana-smoking-pods/,Mcdonald's,Politics,FALSE
08oct2015,Snopes,https://www.snopes.com/fact-check/netflix-chill-lawsuit/,Netflix,Legal/Regulatory,FALSE
08oct2015,Snopes,https://www.snopes.com/fact-check/dutch-bros-close/,Dutch Bros,Operations,FALSE
19oct2015,politifact,https://www.politifact.com/factchecks/2015/oct/19/nowthis/no-internet-cnn-did-not-delete-its-poll-showing-be/,Warner Bros. Discovery,Politics,FALSE
27oct2015,Snopes,https://www.snopes.com/fact-check/tyler-perry-african-american-airlines/,American Airlines,Financial,FALSE
30oct2015,Snopes,https://www.snopes.com/fact-check/little-timmy-facebook-flag/,Facebook,Politics,FALSE
04nov2015,Snopes,https://www.snopes.com/fact-check/mcdonalds-minimum-wage-hoax/,Mcdonald's,Operations,FALSE
05nov2015,Snopes,https://www.snopes.com/fact-check/starbucks-red-christmas-cups/,Starbucks,Religion,FALSE
09nov2015,truthfiction,https://www.truthorfiction.com/jesus-removed-from-starbucks-christmas-cups-sparking-a-war-on-christmas/,Starbucks,Religion,FALSE
11nov2015,politifact,https://www.politifact.com/factchecks/2015/nov/11/joshua-feuerstein/evangelical-activist-focuses-lack-christmas-new-st/,Starbucks,Religion,FALSE
13nov2015,Snopes,https://www.snopes.com/fact-check/facebook-god-bless-ban/,Facebook,Religion,FALSE
13nov2015,Snopes,https://www.snopes.com/fact-check/fox-news-obamacare-enrollment-chart/,Fox Corporation,Politics,FALSE
13nov2015,Snopes,https://www.snopes.com/fact-check/dairy-queen-dairy-free/,Diary Queen,Product,FALSE
25nov2015,Snopes,https://www.snopes.com/fact-check/campbells-customer-service-facebook/,Campbell Soup,Politics,FALSE
29nov2015,Snopes,https://www.snopes.com/fact-check/chick-fil-cole-slaw-january-18/,Chick-fil-A,Operations,TRUE
04dec2015,truthfiction,https://www.truthorfiction.com/amazon-bans-nobody-died-at-sandy-hook-book/,Amazon,Politics,TRUE
07dec2015,truthfiction,https://www.truthorfiction.com/homeless-couple-meth-lab-found-in-walmart-attic/,Walmart,Operations,FALSE
20dec2015,Snopes,https://www.snopes.com/fact-check/piglet-disney-muslim-demand/,Walt Disney,Religion,FALSE
20jan2016,Snopes,https://www.snopes.com/fact-check/mcdonalds-parasitic-worm-outbreak/,Mcdonald's,Product,FALSE
08feb2016,Snopes,https://www.snopes.com/fact-check/six-year-old-happy-meal-doesnt-rot/,Mcdonald's,Product,FALSE
09feb2016,Snopes,https://www.snopes.com/fact-check/mcdonalds-homeless-policy/,Mcdonald's,Operations,FALSE
09feb2016,truthfiction,https://www.truthorfiction.com/mcdonalds-hamburgers-dont-rot-for-years/,Mcdonald's,Product,TRUE
12feb2016,Snopes,https://www.snopes.com/fact-check/apples-blast-from-the-past/,Apple,Product,FALSE
19feb2016,Snopes,https://www.snopes.com/fact-check/papa-johns-ceo-quote/,Papa John's International,Founder/Executive Management,FALSE
02mar2016,truthfiction,https://www.truthorfiction.com/nike-wouldnt-let-steph-curry-put-bible-passage-shoes/,Nike,Religion,FALSE
15mar2016,Snopes,https://www.snopes.com/fact-check/viral-molten-copper-big-mac/,Mcdonald's,Product,FALSE
16mar2016,truthfiction,https://www.truthorfiction.com/kentucky-fried-chicken-forced-change-name-kfc/,Yum! Brands,Operations,FALSE
23mar2016,Snopes,https://www.snopes.com/fact-check/pantene-hair-products-causing-highlight-foils-to-catch-fire/,Procter & Gamble,Product,FALSE
23mar2016,Snopes,https://www.snopes.com/fact-check/walmart-gelatin-water-video/,Walmart,Product,FALSE
25mar2016,Snopes,https://www.snopes.com/fact-check/milk-bone-facebook-warning/,J.M. Smucker,Product,FALSE
30mar2016,Snopes,https://www.snopes.com/fact-check/facebook-bernie-blackout/,Facebook,Politics,FALSE
31mar2016,Snopes,https://www.snopes.com/fact-check/kohls-bankrupt-closing-818-stores/,Kohl's,Financial,FALSE
31mar2016,Snopes,https://www.snopes.com/fact-check/kroger-unisex-bathroom-sign/,Kroger,Politics,TRUE
03apr2016,Snopes,https://www.snopes.com/fact-check/disney-bans-tattoos/,Walt Disney,Operations,FALSE
05apr2016,Snopes,https://www.snopes.com/fact-check/dasani-recalled-clear-parasite/,Coca Cola,Product,FALSE
14apr2016,Snopes,https://www.snopes.com/fact-check/goldman-sachs-arrested-fbi/,Goldman Sachs,Founder/Executive Management,FALSE
18apr2016,Snopes,https://www.snopes.com/fact-check/mcdonalds-secret-sauce/,Mcdonald's,Product,FALSE
18apr2016,truthfiction,https://www.truthorfiction.com/dr-pepper-saying-goodbye-summer-2016-fiction/,Keurig Dr Pepper,Operations,FALSE
18apr2016,truthfiction,https://www.truthorfiction.com/apple-tells-windows-users-uninstall-quicktime/,Apple,Operations,TRUE
20apr2016,Snopes,https://www.snopes.com/fact-check/costco-lying-about-cage-free-eggs/,Costco Wholesale,Product,FALSE
21apr2016,truthfiction,https://www.truthorfiction.com/target-policy-transgendered-bathroom-use/,Target,Politics,TRUE
25apr2016,Snopes,https://www.snopes.com/fact-check/target-urinals/,Target,Politics,FALSE
26apr2016,politifact,https://www.politifact.com/factchecks/2016/apr/26/facebook-posts/viral-facebook-claim-about-target-adding-urinals-w/,Target,Politics,FALSE
27apr2016,Snopes,https://www.snopes.com/fact-check/target-customer-service-transgender-bathroom/,Target,Politics,FALSE
29apr2016,Snopes,https://www.snopes.com/fact-check/nike-elephant-shoes-rumor/,Nike,Corporate Social Responsibility,FALSE
03may2016,truthfiction,https://www.truthorfiction.com/target-stock-plummets-millions-boycott/,Target,Financial,FALSE
04may2016,truthfiction,https://www.truthorfiction.com/better-turn-blue-rumor-about-facebook-charging-users/,Facebook,Operations,FALSE
06may2016,Snopes,https://www.snopes.com/fact-check/apple-music-deleting-files/,Apple,Data privacy,FALSE
17may2016,Snopes,https://www.snopes.com/fact-check/facebook-reactions-is-dangerous/,Facebook,Data privacy,FALSE
18may2016,Snopes,https://www.snopes.com/fact-check/target-holy-bible-ban/,Target,Religion,FALSE
19may2016,Snopes,https://www.snopes.com/fact-check/target-american-flag-removal/,Target,Politics,FALSE
01jun2016,truthfiction,https://www.truthorfiction.com/general-mills-gold-medal-flour-recall/,General Mills,Product,TRUE
01jun2016,Snopes,https://www.snopes.com/fact-check/taco-bell-closing/,Yum! Brands,Operations,FALSE
10jun2016,Snopes,https://www.snopes.com/fact-check/google-manipulate-hillary-clinton/,Alphabet,Politics,FALSE
16jun2016,Snopes,https://www.snopes.com/fact-check/jeff-bezos-donald-trump-amazon/,Amazon,Founder/Executive Management,FALSE
17jun2016,Snopes,https://www.snopes.com/fact-check/google-orlando-pulse-shooting-advance/,Alphabet,Politics,FALSE
17jun2016,Snopes,https://www.snopes.com/fact-check/facebook-amen-ban/,Facebook,Religion,FALSE
21jun2016,Snopes,https://www.snopes.com/fact-check/finding-dory-transgender-stingray/,Walt Disney,Politics,FALSE
23jun2016,politifact,https://www.politifact.com/factchecks/2016/jun/23/andrew-napolitano/did-google-adjust-its-autocomplete-algorithm-hide-/,Alphabet,Politics,FALSE
12jul2016,truthfiction,https://www.truthorfiction.com/pandora-radio-warns-accounts-risk-hacked/,Pandora,Data privacy,TRUE
21jul2016,Snopes,https://www.snopes.com/fact-check/netflix-ceo-donald-trump/,Netflix,Founder/Executive Management,TRUE
11aug2016,Snopes,https://www.snopes.com/fact-check/twitter-shutting-down-in-2017/,Twitter,Operations,FALSE
14aug2016,Snopes,https://www.snopes.com/fact-check/roger-ailes-truth-believe/,Fox Corporation,Founder/Executive Management,FALSE
15aug2016,Snopes,https://www.snopes.com/fact-check/forever-21-swastika-rings/,Forever 21,Politics,FALSE
17aug2016,Snopes,https://www.snopes.com/fact-check/netflix-orange-is-the-new-black-cancelled/,Netflix,Product,FALSE
25aug2016,Snopes,https://www.snopes.com/fact-check/cheez-it-tbhq/,Kellogg,Product,FALSE
25aug2016,Snopes,https://www.snopes.com/fact-check/mylan-ceo-clinton-foundation/,Mylan,Founder/Executive Management,FALSE
12sep2016,Snopes,https://www.snopes.com/fact-check/facebook-bans-christian-content/,Facebook,Religion,FALSE
15sep2016,Snopes,https://www.snopes.com/fact-check/whatsapp-share-with-facebook/,Facebook,Data privacy,FALSE
26sep2016,Snopes,https://www.snopes.com/fact-check/ford-motors-funds-black-lives-matter/,Ford Motor,Politics,FALSE
27sep2016,Snopes,https://www.snopes.com/fact-check/tiffany-chokers-slave-collars/,Tiffany & Co.,Politics,FALSE
29sep2016,Snopes,https://www.snopes.com/fact-check/zuckerberg-removing-pages/,Facebook,Founder/Executive Management,FALSE
25oct2016,Snopes,https://www.snopes.com/fact-check/michael-kors-dog-fur-petition/,Capri Holdings,Product,FALSE
28oct2016,Snopes,https://www.snopes.com/fact-check/fox-news-benghazi-probe-hoax/,Fox Corporation,Politics,FALSE
03nov2016,truthfiction,https://www.truthorfiction.com/calls-for-starbucks-boycott-follow-clinton-endorsement-cup-release/,Starbucks,Politics,TRUE
04nov2016,Snopes,https://www.snopes.com/fact-check/dunkin-donuts-holiday-cup/,Dunkin' Brands Group,Religion,FALSE
15nov2016,Snopes,https://www.snopes.com/fact-check/ford-from-mexico-to-ohio/,Ford Motor,Politics,FALSE
15nov2016,truthfiction,https://www.truthorfiction.com/pepsico-ceo-indra-nooya-bashes-donald-trump/,PepsiCo,Politics,FALSE
15nov2016,Snopes,https://www.snopes.com/fact-check/pepsi-ceo-tells-trump-supporters-to-take-their-business-elsewhere/,PepsiCo,Founder/Executive Management,FALSE
17nov2016,Snopes,https://www.snopes.com/fact-check/celebrity-cruise-lines-attacks-trump-and-his-supporters-in-new-ad/,Royal Caribbean Group,Politics,FALSE
23nov2016,Snopes,https://www.snopes.com/fact-check/activists-target-big-box-chain-target-with-holiday-boycott/,Target,Politics,TRUE
27nov2016,Snopes,https://www.snopes.com/fact-check/public-assistance-barbie/,Mattel,Product,FALSE
29nov2016,politifact,https://www.politifact.com/factchecks/2016/nov/29/blog-posting/reports-cnn-showed-pornography-instead-anthony-bou/,Warner Bros. Discovery,Operations,FALSE
30nov2016,Snopes,https://www.snopes.com/fact-check/breitbart-news-app-removed-from-the-apple-store/,Apple,Operations,FALSE
07dec2016,Snopes,https://www.snopes.com/fact-check/united-airlines-begin-charging-use-overhead-storage/,United Airlines,Operations,FALSE
07dec2016,Snopes,https://www.snopes.com/fact-check/harry-david-says-company-neutral-racism-neo-nazis/,Harley-Davidson,Politics,FALSE
08dec2016,Snopes,https://www.snopes.com/fact-check/bacon-sandwich-reported-offensive-facebook/,Facebook,Politics,FALSE
09dec2016,Snopes,https://www.snopes.com/fact-check/star-wars-anti-trump-scene/,Walt Disney,Product,FALSE
14dec2016,Snopes,https://www.snopes.com/fact-check/mcdonalds-mitten-cups/,Mcdonald's,Product,FALSE
15dec2016,Snopes,https://www.snopes.com/fact-check/comcasts-car-crash/,Comcast,Operations,TRUE
20dec2016,Snopes,https://www.snopes.com/fact-check/rudy-giuliani-banned-from-twitter-for-pizzagate-tweets/,Twitter,Politics,FALSE
21dec2016,politifact,https://www.politifact.com/factchecks/2016/dec/21/ron-castorina-jr/getting-costco-membership-not-easier-getting-nyc-m/,Costco Wholesale,Operations,FALSE
21dec2016,Snopes,https://www.snopes.com/fact-check/did-delta-eject-passenger-adam-saleh-for-speaking-arabic/,Delta Airlines,Politics,FALSE
26dec2016,Snopes,https://www.snopes.com/fact-check/siri-charge-phone-police/,Apple,Product,FALSE
28dec2016,Snopes,https://www.snopes.com/fact-check/are-walmart-holiday-rawhide-bones-toxic-to-dogs/,Walmart,Product,FALSE
04jan2017,Snopes,https://www.snopes.com/fact-check/secret-symbols-oreo-cookies/,Mondelez International,Product,FALSE
05jan2017,Snopes,https://www.snopes.com/fact-check/facebook-paying-spies/,Facebook,Operations,FALSE
06jan2017,politifact,https://www.politifact.com/factchecks/2017/jan/06/blog-posting/parenting-blog-falsely-claims-vicks-vaporub-was-fa/,Procter & Gamble,Product,FALSE
02feb2017,Snopes,https://www.snopes.com/fact-check/caleb-lee-pizza-hut/,Yum! Brands,Politics,FALSE
06feb2017,Snopes,https://www.snopes.com/fact-check/evolution-fresh-drinks/,Starbucks,Product,FALSE
07feb2017,truthfiction,https://www.truthorfiction.com/facebook-removes-little-timmy-salutes-the-flag-photo/,Facebook,Politics,FALSE
15feb2017,Snopes,https://www.snopes.com/fact-check/nordstrom-chapter-11-baio-boycott/,Nordstorm,Financial,FALSE
19feb2017,Snopes,https://www.snopes.com/fact-check/starbucks-trump-photo-floor/,Starbucks,Politics,FALSE
24feb2017,politifact,https://www.politifact.com/factchecks/2017/feb/24/blog-posting/fake-brews-starbucks-didnt-put-photos-trump-store-/,Starbucks,Politics,FALSE
02mar2017,Snopes,https://www.snopes.com/fact-check/targets-stock-transgender-bathroom-policy/,Target,Politics,FALSE
09mar2017,Snopes,https://www.snopes.com/fact-check/shepard-smith-fired-from-fox-news/,Fox Corporation,Operations,FALSE
14mar2017,Snopes,https://www.snopes.com/fact-check/mark-zuckerberg-resignation/,Facebook,Founder/Executive Management,FALSE
14mar2017,Snopes,https://www.snopes.com/fact-check/netflix-to-be-discontinued/,Netflix,Operations,FALSE
21mar2017,Snopes,https://www.snopes.com/fact-check/naked-juices-and-smoothies-formaldehyde/,PepsiCo,Product,FALSE
03apr2017,Snopes,https://www.snopes.com/fact-check/simba-gay-lion-king-remake/,Walt Disney,Politics,FALSE
11apr2017,Snopes,https://www.snopes.com/fact-check/united-airlines-seating-and-apparel/,United Airlines,Politics,FALSE
14apr2017,politifact,https://www.politifact.com/factchecks/2017/apr/14/andrew-napolitano/united-airlines-passenger-had-every-right-stay-pla/,United Airlines,Operations,FALSE
15apr2017,Snopes,https://www.snopes.com/fact-check/united-passengers-crash-helmets/,United Airlines,Operations,FALSE
17apr2017,Snopes,https://www.snopes.com/fact-check/united-airlines-baby-slap/,United Airlines,Operations,FALSE
10may2017,Snopes,https://www.snopes.com/fact-check/fox-news-comey/,Fox Corporation,Operations,TRUE
12may2017,Snopes,https://www.snopes.com/fact-check/ulta-closing-sephora-buyout/,Ulta Beauty,Operations,FALSE
14may2017,Snopes,https://www.snopes.com/fact-check/tucker-carlson-car-crash/,Fox Corporation,Operations,FALSE
24may2017,truthfiction,https://www.truthorfiction.com/trisodium-phosphate-lurks-lucky-charms-general-mills-cereal/,General Mills,Product,TRUE
25may2017,truthfiction,https://www.truthorfiction.com/taco-bell-files-bankruptcy/,Yum! Brands,Financial,FALSE
29may2017,Snopes,https://www.snopes.com/fact-check/unicorn-frappuccino-gay/,Starbucks,Politics,FALSE
04jun2017,Snopes,https://www.snopes.com/fact-check/melania-trump-bans-monsanto/,Monsanto,Product,FALSE
06jun2017,Snopes,https://www.snopes.com/fact-check/fox-news-reality-winner-parody-account-broadcast/,Fox Corporation,Politics,FALSE
06jun2017,Snopes,https://www.snopes.com/fact-check/facebook-lifts-nipple-ban/,Facebook,Politics,FALSE
07jun2017,Snopes,https://www.snopes.com/fact-check/sears-sell-free-palestine-shirts/,Sears,Politics,TRUE
29jun2017,Snopes,https://www.snopes.com/fact-check/kfc-dearborn-shariah-law/,Yum! Brands,Politics,FALSE
29jun2017,truthfiction,https://www.truthorfiction.com/kfc-dearborn-sharia-law/,Yum! Brands,Politics,FALSE
03jul2017,Snopes,https://www.snopes.com/fact-check/investigation-proves-starbucks-beverages-contain-feces/,Starbucks,Product,FALSE
05jul2017,truthfiction,https://www.truthorfiction.com/feces-found-in-starbucks-drinks/,Starbucks,Product,TRUE
10jul2017,Snopes,https://www.snopes.com/fact-check/man-fired-stop-kidnapping/,Home Depot,Operations,TRUE
19jul2017,Snopes,https://www.snopes.com/fact-check/colgate-total-triclosan/,Colgate-Palmolive,Legal/Regulatory,FALSE
23jul2017,Snopes,https://www.snopes.com/fact-check/waste-management-body-pickup/,Waste Management,Politics,FALSE
25jul2017,Snopes,https://www.snopes.com/fact-check/wendys-kiosks-minimum-wage/,Wendy's,Operations,FALSE
25jul2017,Snopes,https://www.snopes.com/fact-check/cnn-justine-damond/,Warner Bros. Discovery,Politics,FALSE
26jul2017,Snopes,https://www.snopes.com/fact-check/walmart-jajket/,Walmart,Operations,FALSE
26jul2017,politifact,https://www.politifact.com/factchecks/2017/jul/26/mark-cuban/mark-cuban-says-twitter-reaches-only-15-population/,Twitter,Operations,TRUE
01aug2017,Snopes,https://www.snopes.com/fact-check/facebook-ai-developed-own-language/,Facebook,Operations,FALSE
03aug2017,Snopes,https://www.snopes.com/fact-check/pepto-xylitol/,Procter & Gamble,Product,FALSE
10aug2017,truthfiction,https://www.truthorfiction.com/mcdonalds-mcrib-pork-rectum/,Mcdonald's,Product,FALSE
14aug2017,truthfiction,https://www.truthorfiction.com/starbucks-muslim-workers-feces-fiction/,Starbucks,Politics,FALSE
14sep2017,Snopes,https://www.snopes.com/fact-check/permanent-closure-walt-disney-world-due-hurricane-irma/,Walt Disney,Operations,FALSE
20sep2017,Snopes,https://www.snopes.com/fact-check/dollar-tree-closing-stores/,Dollar Tree,Operations,FALSE
20sep2017,truthfiction,https://www.truthorfiction.com/dollar-tree-closing-stores-october/,Dollar Tree,Operations,FALSE
21sep2017,truthfiction,https://www.truthorfiction.com/search-following-me-facebook-stalkers-hoax/,Facebook,Operations,FALSE
25sep2017,politifact,https://www.politifact.com/factchecks/2017/sep/25/thelastlineofdefenseorg/fox-still-broadcast-nfl-games-after-protests-despi/,Fox Corporation,Politics,FALSE
02oct2017,truthfiction,https://www.truthorfiction.com/nike-drops-dallas-cowboy-national-anthem-protest/,Nike,Politics,FALSE
30oct2017,Snopes,https://www.snopes.com/fact-check/fox-news-manafort-blackout-cheeseburger-emoji/,Fox Corporation,Politics,FALSE
13nov2017,Snopes,https://www.snopes.com/fact-check/food-waste-walmart/,Walmart,Operations,FALSE
29nov2017,Snopes,https://www.snopes.com/fact-check/is-taco-bell-financial-backer-moore/,Yum! Brands,Politics,FALSE
05dec2017,Snopes,https://www.snopes.com/fact-check/walmart-journalist-t-shirts/,Walmart,Politics,TRUE
06dec2017,Snopes,https://www.snopes.com/fact-check/twitter-germany-nazis/,Twitter,Politics,TRUE
12dec2017,politifact,https://www.politifact.com/factchecks/2017/dec/12/shared/story-misleads-about-fd-triclosan-and-toothpaste/,Colgate-Palmolive,Product,FALSE
13dec2017,Snopes,https://www.snopes.com/fact-check/do-eddie-bauer-stores-destroy-clothes/,Eddie Bauer,Corporate Social Responsibility,FALSE
14dec2017,Snopes,https://www.snopes.com/fact-check/retailers-using-disappearing-ink-receipts-discourage-returns/,Walmart,Operations,FALSE
14dec2017,Snopes,https://www.snopes.com/fact-check/rogue-amazon-drone-white-house/,Amazon,Politics,FALSE
20dec2017,truthfiction,https://www.truthorfiction.com/letter-mark-director-facebook-facebook-begin-charging-fiction/,Facebook,Founder/Executive Management,FALSE
02jan2018,politifact,https://www.politifact.com/factchecks/2018/jan/02/musclecarusainfo/no-reeses-peanut-butter-cups-were-not-removed-shel/,Hershey,Product,FALSE
08jan2018,truthfiction,https://www.truthorfiction.com/aquafina-bottled-water-doesnt-freeze-cold-temperatures-mostly-truth/,PepsiCo,Product,TRUE
09jan2018,Snopes,https://www.snopes.com/fact-check/aquafina-bottled-water-not-freeze/,PepsiCo,Product,FALSE
10jan2018,Snopes,https://www.snopes.com/fact-check/shanell-rivers-put-blood-dog-feces-into-starbucks-products/,Starbucks,Product,FALSE
12jan2018,Snopes,https://www.snopes.com/fact-check/sams-club-jobs/,Walmart,Operations,FALSE
17jan2018,Snopes,https://www.snopes.com/fact-check/cruise-ship-pizza-warning/,Norwegian Cruise Line Holdings,Operations,FALSE
26jan2018,Snopes,https://www.snopes.com/fact-check/fox-news-banned-australia-new-zealand/,Fox Corporation,Politics,FALSE
31jan2018,Snopes,https://www.snopes.com/fact-check/united-airlines-emotional-support-peacock/,United Airlines,Operations,TRUE
06feb2018,Snopes,https://www.snopes.com/fact-check/new-facebook-algorithm-26-friends/,Facebook,Operations,FALSE
06feb2018,truthfiction,https://www.truthorfiction.com/facebook-limiting-number-friends-posts-can-appear-newsfeed/,Facebook,Product,FALSE
22feb2018,Snopes,https://www.snopes.com/fact-check/did-cnn-give-shooting-survivor-questions/,Warner Bros. Discovery,Politics,FALSE
26feb2018,Snopes,https://www.snopes.com/fact-check/pepsi-ingredients-regulation/,PepsiCo,Product,FALSE
01mar2018,Snopes,https://www.snopes.com/fact-check/did-pfizers-vp-blow-whistle-gardasil/,Merck & Co.,Product,FALSE
02mar2018,politifact,https://www.politifact.com/factchecks/2018/mar/02/michael-williams-georgia/georgia-senators-false-claim-about-delta-discount-/,Delta Airlines,Politics,FALSE
12mar2018,Snopes,https://www.snopes.com/fact-check/harley-davidson-steel-tariffs/,Harley-Davidson,Politics,FALSE
14mar2018,Snopes,https://www.snopes.com/fact-check/toys-r-us-closing-locations-not-accepting-gift-cards/,Tru Kids,Financial,TRUE
19mar2018,Snopes,https://www.snopes.com/fact-check/was-all-female-responsible-bridge-collapse/,Munilla Construction Management,Politics,FALSE
20mar2018,Snopes,https://www.snopes.com/fact-check/rihanna-snapchat/,Snap,Financial,TRUE
03apr2018,Snopes,https://www.snopes.com/fact-check/facebook-categorize-users-political-preferences/,Facebook,Politics,TRUE
04apr2018,Snopes,https://www.snopes.com/fact-check/facebook-suspend-account-whistleblower-exposed-cambridge-analytica/,Facebook,Data privacy,TRUE
06apr2018,truthfiction,https://www.truthorfiction.com/facebook-users-entitled-to-17500-for-facebook-data-leak/,Facebook,Data privacy,FALSE
06apr2018,Snopes,https://www.snopes.com/fact-check/facebook-data-breach-cash/,Facebook,Data privacy,FALSE
11apr2018,Snopes,https://www.snopes.com/fact-check/is-facebook-removing-share-button-pro-trump-posts/,Facebook,Politics,FALSE
13apr2018,politifact,https://www.politifact.com/factchecks/2018/apr/13/blog-posting/No-Fox-News-did-not-put-up-graphic-showing-it-was/,Fox Corporation,Operations,FALSE
13apr2018,Snopes,https://www.snopes.com/fact-check/fortnite-battle-royale-ending/,Epic Games,Legal/Regulatory,FALSE
18apr2018,truthfiction,https://www.truthorfiction.com/mark-zuckerberg-announces-hes-closing-facebook-fiction/,Facebook,Founder/Executive Management,FALSE
01may2018,Snopes,https://www.snopes.com/fact-check/pay-bridge-electrical-bill/,Duke Energy,Operations,TRUE
10may2018,Snopes,https://www.snopes.com/fact-check/mcdonalds-menu-big-mac/,Mcdonald's,Product,FALSE
16may2018,truthfiction,https://www.truthorfiction.com/amazonsmile-removes-pro-family-groups-from-eligible-charities-mostly-truth/,Amazon,Politics,TRUE
18may2018,Snopes,https://www.snopes.com/fact-check/jeff-rothschild-third-world-war/,Facebook,Founder/Executive Management,FALSE
20may2018,Snopes,https://www.snopes.com/fact-check/contaminated-capriccio-sangria/,Florida Caribbean Distillers,Product,FALSE
21may2018,Snopes,https://www.snopes.com/fact-check/wonder-bread-ceo-nra/,Flower Foods,Operations,FALSE
21may2018,Snopes,https://www.snopes.com/fact-check/cnn-ratings-plunge/,Warner Bros. Discovery,Operations,FALSE
24may2018,truthfiction,https://www.truthorfiction.com/facebook-hires-george-soros-fiction/,Facebook,Politics,FALSE
29may2018,Snopes,https://www.snopes.com/fact-check/home-depot-hat-response/,Home Depot,Politics,FALSE
29may2018,Snopes,https://www.snopes.com/fact-check/starbucks-shatter-proof-windows/,Starbucks,Operations,FALSE
31may2018,politifact,https://www.politifact.com/factchecks/2018/may/31/ro-khanna/your-amazon-alexa-spying-you/,Amazon,Data privacy,FALSE
01jun2018,politifact,https://www.politifact.com/factchecks/2018/jun/01/blog-posting/website-falsely-claims-fox-announced-plans-pick-ro/,Fox Corporation,Politics,FALSE
01jun2018,Snopes,https://www.snopes.com/fact-check/sign-starbucks-racial-bias-training-single-white-people/,Starbucks,Politics,FALSE
03jun2018,Snopes,https://www.snopes.com/fact-check/starbucks-head-of-the-line/,Starbucks,Politics,FALSE
05jun2018,politifact,https://www.politifact.com/factchecks/2018/jun/05/blog-posting/what-starbucks-howard-schultz-said-about-same-sex-/,Starbucks,Founder/Executive Management,FALSE
10jun2018,Snopes,https://www.snopes.com/fact-check/mcdonalds-robot-cashiers/,Mcdonald's,Operations,FALSE
15jun2018,Snopes,https://www.snopes.com/fact-check/man-sue-mcdonalds-depressed-eating-happy-meal/,Mcdonald's,Legal/Regulatory,FALSE
25jun2018,Snopes,https://www.snopes.com/fact-check/is-ll-bean-refusing-hire-gun-owners/,L.L. Bean,Politics,FALSE
27jun2018,politifact,https://www.politifact.com/factchecks/2018/jun/27/houston-post/no-red-hen-owner-didnt-threaten-sarah-huckabee-san/,Red Hen Restaurant,Founder/Executive Management,FALSE
27jun2018,Snopes,https://www.snopes.com/fact-check/did-ceo-harley-davidson-trump-moron/,Harley-Davidson,Founder/Executive Management,FALSE
28jun2018,politifact,https://www.politifact.com/factchecks/2018/jun/28/blog-posting/website-falsely-claimed-twitter-caught-leaking-pri/,Twitter,Data privacy,FALSE
17jul2018,Snopes,https://www.snopes.com/fact-check/mandalay-bay-suing-mass-shooting-victims/,MGM Resorts International,Legal/Regulatory,TRUE
01aug2018,Snopes,https://www.snopes.com/fact-check/starbucks-plastic-straws/,Starbucks,Corporate Social Responsibility,FALSE
03aug2018,Snopes,https://www.snopes.com/fact-check/facebook-korean-war-photo/,Facebook,Politics,FALSE
22aug2018,Snopes,https://www.snopes.com/fact-check/fox-news-festivus-michael-cohen/,Fox Corporation,Politics,FALSE
28aug2018,Snopes,https://www.snopes.com/fact-check/google-exec-rigging-trump/,Alphabet,Politics,FALSE
30aug2018,Snopes,https://www.snopes.com/fact-check/google-sotu-promotion/,Alphabet,Politics,FALSE
04sep2018,Snopes,https://www.snopes.com/fact-check/kaepernick-nike-endorsement/,Nike,Politics,FALSE
04sep2018,Snopes,https://www.snopes.com/fact-check/federal-government-cancel-nike-contract/,Nike,Politics,FALSE
05sep2018,Snopes,https://www.snopes.com/fact-check/nike-alabama/,Nike,Politics,FALSE
05sep2018,Snopes,https://www.snopes.com/fact-check/jordan-nike-board/,Nike,Politics,FALSE
05sep2018,politifact,https://www.politifact.com/factchecks/2018/sep/05/blog-posting/no-colin-kaepernick-hasnt-lost-his-nike-deal/,Nike,Politics,FALSE
06sep2018,politifact,https://www.politifact.com/factchecks/2018/sep/06/blog-posting/michael-jordan-isnt-parting-ways-nike/,Nike,Politics,FALSE
06sep2018,Snopes,https://www.snopes.com/fact-check/taya-kyle-nike-american-sniper/,Nike,Politics,TRUE
08sep2018,Snopes,https://www.snopes.com/fact-check/nike-afford-let-go/,Nike,Politics,FALSE
08sep2018,Snopes,https://www.snopes.com/fact-check/nike-donate-clothing-veterans/,Nike,Politics,FALSE
10sep2018,Snopes,https://www.snopes.com/fact-check/ford-kaepernick-ad-campaign/,Ford Motor,Politics,FALSE
10sep2018,Snopes,https://www.snopes.com/fact-check/nike-fire-colin-kaepernick-after-arrest/,Nike,Politics,FALSE
11sep2018,Snopes,https://www.snopes.com/fact-check/nike-burned-sneakers/,Nike,Politics,FALSE
12sep2018,Snopes,https://www.snopes.com/fact-check/does-nike-own-chevrolet/,Chevrolet,Financial,FALSE
14sep2018,Snopes,https://www.snopes.com/fact-check/napo-police-boycott-nike/,Nike,Politics,TRUE
05oct2018,Snopes,https://www.snopes.com/fact-check/facebook-birthday-donations/,Facebook,Operations,FALSE
06nov2018,Snopes,https://www.snopes.com/fact-check/soros-refugee-debit-cards/,Mastercard,Politics,FALSE
06nov2018,Snopes,https://www.snopes.com/fact-check/starbucks-white-men-root-of-all-evil/,Starbucks,Founder/Executive Management,FALSE
07nov2018,Snopes,https://www.snopes.com/fact-check/carnival-triumph-overturn/,Carnival,Operations,FALSE
08nov2018,politifact,https://www.politifact.com/factchecks/2018/nov/08/blog-posting/no-starbucks-coo-never-said-men-are-root-all-evil/,Starbucks,Founder/Executive Management,FALSE
15nov2018,Snopes,https://www.snopes.com/fact-check/cross-honor-fallen-firefighters/,Facebook,Religion,FALSE
28nov2018,Snopes,https://www.snopes.com/fact-check/walmart-looting-video/,Walmart,Operations,FALSE
04dec2018,truthfiction,https://www.truthorfiction.com/is-friends-leaving-netflix-in-january-2019/,Netflix,Product,FALSE
18dec2018,Snopes,https://www.snopes.com/fact-check/don-lemon-terror-threat/,Warner Bros. Discovery,Politics,TRUE
18jan2019,Snopes,https://www.snopes.com/fact-check/facebook-groups-participate/,Facebook,Operations,TRUE
23jan2019,politifact,https://www.politifact.com/factchecks/2019/jan/23/facebook-posts/no-pepsi-employee-didnt-contaminate-companys-produ/,PepsiCo,Product,FALSE
09feb2019,Snopes,https://www.snopes.com/fact-check/mary-poppins-racist/,Walt Disney,Politics,TRUE
12feb2019,politifact,https://www.politifact.com/factchecks/2019/feb/12/ilhan-omar/omar-trips-details-mcdonalds-ceo-and-typical-worke/,Mcdonald's,Politics,FALSE
13feb2019,Snopes,https://www.snopes.com/fact-check/mickey-mouse-racial-caricature/,Walt Disney,Politics,FALSE
15feb2019,Snopes,https://www.snopes.com/fact-check/lion-king-sand-dunes/,Walt Disney,Product,FALSE
19feb2019,politifact,https://www.politifact.com/factchecks/2019/feb/19/facebook-posts/no-former-starbucks-ceo-never-said-he-prefers-hire/,Starbucks,Founder/Executive Management,FALSE
20feb2019,truthfiction,https://www.truthorfiction.com/heinz-ketchup-ingredients-u-s-vs-uk/,Kraft Heinz,Product,FALSE
21feb2019,truthfiction,https://www.truthorfiction.com/uber-sex-trafficking-warning/,Uber Technologies,Operations,FALSE
26feb2019,truthfiction,https://www.truthorfiction.com/tommy-robinson-banned-from-facebook-instagram/,Facebook,Politics,TRUE
05mar2019,Snopes,https://www.snopes.com/fact-check/rashida-tlaib-arrest-facebook/,Facebook,Politics,FALSE
12mar2019,politifact,https://www.politifact.com/factchecks/2019/mar/12/elizabeth-warren/warren-faa-leans-boeing-fix-737-max-8-software/,Boeing,Product,TRUE
28mar2019,Snopes,https://www.snopes.com/fact-check/amazon-child-sex-dolls/,Amazon,Politics,TRUE
02apr2019,Snopes,https://www.snopes.com/fact-check/abortion-barbie-doll/,Mattel,Politics,FALSE
04apr2019,truthfiction,https://www.truthorfiction.com/does-a-new-netflix-show-aim-to-transform-boys-into-sexy-little-girls/,Netflix,Politics,FALSE
22apr2019,Snopes,https://www.snopes.com/fact-check/google-doodle-ramadan-easter/,Alphabet,Religion,FALSE
29apr2019,Snopes,https://www.snopes.com/fact-check/chase-bank-deleted-tweet/,JPMorgan Chase,Operations,TRUE
29apr2019,truthfiction,https://www.truthorfiction.com/does-facebook-deem-images-of-9-11-offensive-and-prohibit-them/,Facebook,Politics,FALSE
09may2019,truthfiction,https://www.truthorfiction.com/delta-union-busting-video-games-poster/,Delta Airlines,Politics,TRUE
10may2019,Snopes,https://www.snopes.com/fact-check/delta-unions/,Delta Airlines,Politics,TRUE
17may2019,politifact,https://www.politifact.com/factchecks/2019/may/17/viral-image/no-netflix-doesnt-have-show-make-little-boys-sexy-/,Netflix,Politics,FALSE
31may2019,Snopes,https://www.snopes.com/fact-check/target-donating-100000-lgbt/,Target,Politics,FALSE
12jun2019,politifact,https://www.politifact.com/factchecks/2019/jun/12/instagram-posts/zuckerberg-video-about-billions-peoples-stolen-dat/,Facebook,Founder/Executive Management,FALSE
14jun2019,Snopes,https://www.snopes.com/fact-check/shake-phone-facebook-jail/,Facebook,Product,FALSE
02jul2019,politifact,https://www.politifact.com/factchecks/2019/jul/02/facebook-posts/no-facebook-isnt-censoring-pro-trump-posts-removin/,Facebook,Politics,FALSE
10jul2019,truthfiction,https://www.truthorfiction.com/was-lil-nas-x-dropped-by-wrangler-after-he-came-out-as-gay/,Wrangler,Politics,FALSE
10jul2019,Snopes,https://www.snopes.com/fact-check/google-clinton-epstein/,Alphabet,Politics,FALSE
11jul2019,politifact,https://www.politifact.com/factchecks/2019/jul/11/viral-image/no-michael-kors-didnt-say-hes-tired-pretending-bla/,Capri Holdings,Politics,FALSE
12jul2019,politifact,https://www.politifact.com/factchecks/2019/jul/12/bernie-sanders/bernie-sanders-said-huge-percentage-walmart-worker/,Walmart,Politics,FALSE
23jul2019,Snopes,https://www.snopes.com/fact-check/zuckerberg-facebook-ireland-ads/,Facebook,Politics,FALSE
23jul2019,politifact,https://www.politifact.com/factchecks/2019/jul/23/occupy-democrats/no-fox-news-not-snubbing-muellers-testimony/,Fox Corporation,Politics,FALSE
30jul2019,truthfiction,https://www.truthorfiction.com/are-beyond-meat-or-impossible-burger-ingredients-indistinguishable-from-dog-food/,Beyond Meat,Product,FALSE
07aug2019,politifact,https://www.politifact.com/factchecks/2019/aug/07/stephanie-ruhle/walmart-one-largest-sellers-assault-style-weapons-/,Walmart,Operations,FALSE
12aug2019,politifact,https://www.politifact.com/factchecks/2019/aug/12/viral-image/no-el-paso-fox-news-affiliate-didnt-report-shootin/,Fox Corporation,Politics,FALSE
16aug2019,Snopes,https://www.snopes.com/fact-check/kelloggs-corn-flakes-masturbation/,Kellogg,Product,FALSE
19aug2019,truthfiction,https://www.truthorfiction.com/on-august-22-2019-is-facebook-ending-group-chat/,Facebook,Operations,FALSE
19aug2019,politifact,https://www.politifact.com/factchecks/2019/aug/19/donald-trump/donald-trump-wrong-google-manipulating-election-re/,Alphabet,Politics,FALSE
22aug2019,politifact,https://www.politifact.com/factchecks/2019/aug/22/viral-image/dont-fall-instagram-hoax/,Facebook,Data privacy,FALSE
26aug2019,Snopes,https://www.snopes.com/fact-check/hasbro-toys-death-row-records/,Hasbro,Financial,TRUE
27aug2019,Snopes,https://www.snopes.com/fact-check/olive-garden-trump-reelection/,Darden Restaurants,Politics,FALSE
05sep2019,truthfiction,https://www.truthorfiction.com/10874-people-killed-by-drunk-drivers-in-2017-403-by-rifles-but-walmart-stops-selling-rifles-meme/,Walmart,Politics,FALSE
12sep2019,Snopes,https://www.snopes.com/fact-check/testimony-biotech-company/,StemExpress,Operations,FALSE
08oct2019,Snopes,https://www.snopes.com/fact-check/barnes-noble-trump-pig-children/,Barnes & Noble,Politics,FALSE
11oct2019,politifact,https://www.politifact.com/factchecks/2019/oct/11/facebook-posts/viral-posts-about-facebook-witch-checker-just-bunc/,Facebook,Religion,FALSE
14oct2019,Snopes,https://www.snopes.com/fact-check/google-define-parasite-capitalist/,Alphabet,Politics,FALSE
14oct2019,Snopes,https://www.snopes.com/fact-check/starbucks-exec-dislikes-whites/,Starbucks,Founder/Executive Management,FALSE
16oct2019,truthfiction,https://www.truthorfiction.com/is-taco-bell-meat-contaminated-with-metal-shavings/,Yum! Brands,Product,TRUE
25oct2019,politifact,https://www.politifact.com/factchecks/2019/oct/25/facebook-posts/what-does-chick-fil-have-do-ugandas-anti-gay-bill-/,Chick-fil-A,Politics,FALSE
28oct2019,politifact,https://www.politifact.com/factchecks/2019/oct/28/facebook-posts/no-olive-garden-not-funding-president-trumps-re-el/,Darden Restaurants,Politics,FALSE
06nov2019,truthfiction,https://www.truthorfiction.com/did-jeff-bezos-cut-whole-foods-workers-benefits-as-he-bought-a-second-mansion/,Amazon,Founder/Executive Management,TRUE
06nov2019,Snopes,https://www.snopes.com/fact-check/facebook-write-off-birthdays/,Facebook,Financial,FALSE
11nov2019,politifact,https://www.politifact.com/factchecks/2019/nov/11/facebook-posts/post-facebook-spreads-myths-about-platforms-birthd/,Facebook,Corporate Social Responsibility,FALSE
14nov2019,Snopes,https://www.snopes.com/fact-check/facebook-open-phones-camera/,Facebook,Data privacy,TRUE
18nov2019,politifact,https://www.politifact.com/factchecks/2019/nov/18/facebook-posts/no-steph-currys-split-nike-had-nothing-do-religion/,Nike,Religion,FALSE
20nov2019,Snopes,https://www.snopes.com/fact-check/facebook-quiz-scams/,Facebook,Data privacy,TRUE
20nov2019,Snopes,https://www.snopes.com/fact-check/chris-wallace-tweet-trump/,Fox Corporation,Politics,FALSE
22nov2019,Snopes,https://www.snopes.com/fact-check/fox-news-vindman-statement/,Fox Corporation,Politics,FALSE
22nov2019,truthfiction,https://www.truthorfiction.com/fox-news-armed-forces-radio-vindman/,Fox Corporation,Politics,FALSE
22nov2019,truthfiction,https://www.truthorfiction.com/treason-for-the-season/,Fox Corporation,Politics,TRUE
03dec2019,Snopes,https://www.snopes.com/fact-check/fox-staged-photo-afghanistan/,Fox Corporation,Politics,FALSE
04dec2019,truthfiction,https://www.truthorfiction.com/whole-foods-holiday-food-drive-post/,Amazon,Politics,TRUE
04dec2019,Snopes,https://www.snopes.com/fact-check/starbucks-police-pig/,Starbucks,Politics,TRUE
06dec2019,truthfiction,https://www.truthorfiction.com/jeff-bezos-didnt-donate-100m-lol-he-took-100m-of-amazon-stock-and-donated-it-to-his-own-charity-meme/,Amazon,Founder/Executive Management,TRUE
06dec2019,politifact,https://www.politifact.com/factchecks/2019/dec/06/viral-image/no-facebook-did-not-take-down-close-photo-melania-/,Facebook,Politics,FALSE
10dec2019,truthfiction,https://www.truthorfiction.com/did-uber-receive-235-reports-of-rape-and-5981-reports-of-sexual-abuse/,Uber Technologies,Legal/Regulatory,TRUE
13dec2019,politifact,https://www.politifact.com/factchecks/2019/dec/13/viral-image/photo-trumps-afghanistan-visit-appears-doctored-lo/,Fox Corporation,Politics,FALSE
16dec2019,Snopes,https://www.snopes.com/fact-check/netflix-special-on-a-gay-jesus/,Netflix,Religion,TRUE
19dec2019,Snopes,https://www.snopes.com/fact-check/starbucks-fire-merry-christmas/,Starbucks,Religion,FALSE
13jan2020,Snopes,https://www.snopes.com/fact-check/fox-news-entertainment-switch/,Fox Corporation,Politics,FALSE
16jan2020,politifact,https://www.politifact.com/factchecks/2020/jan/16/facebook-posts/post-fox-news-changing-entertainment-spun-old-sati/,Fox Corporation,Politics,FALSE
24jan2020,politifact,https://www.politifact.com/factchecks/2020/jan/24/facebook-posts/yes-iran-does-ban-twitter/,Twitter,Politics,TRUE
27jan2020,truthfiction,https://www.truthorfiction.com/can-you-get-coronavirus-from-wish-com-products/,Wish,Operations,FALSE
13feb2020,truthfiction,https://www.truthorfiction.com/amazon-cfo-killed-by-delivery-truck/,Amazon,Founder/Executive Management,TRUE
20feb2020,politifact,https://www.politifact.com/factchecks/2020/feb/20/facebook-posts/starbucks-exec-didnt-say-she-dislikes-white-people/,Starbucks,Founder/Executive Management,FALSE
28feb2020,politifact,https://www.politifact.com/factchecks/2020/feb/28/mark-pocan/pocan-money-lagging-wages-claim/,Amazon,Politics,TRUE
29feb2020,politifact,https://www.politifact.com/factchecks/2020/feb/29/facebook-posts/no-mountain-dew-isnt-being-canceled-being-bad-you/,PepsiCo,Product,FALSE
02mar2020,Snopes,https://www.snopes.com/fact-check/corona-beer-fear-coronavirus/,Constellation Brands,Product,FALSE
11mar2020,Snopes,https://www.snopes.com/fact-check/trump-profit-covid-19/,Thermo-Fisher Scientific,Politics,FALSE
14mar2020,Snopes,https://www.snopes.com/fact-check/costco-bath-tissue-recall/,Costco Wholesale,Product,FALSE
17mar2020,Snopes,https://www.snopes.com/fact-check/amazon-suspending-deliveries-covid/,Amazon,Operations,FALSE
17mar2020,truthfiction,https://www.truthorfiction.com/is-amazon-suspending-all-non-essential-shipments-except-for-medical-supplies-and-and-high-demand-products/,Amazon,Operations,FALSE
25mar2020,Snopes,https://www.snopes.com/fact-check/amazon-donations-sick-leave/,Amazon,Operations,TRUE
25mar2020,truthfiction,https://www.truthorfiction.com/is-amazon-seeking-public-donations-to-fund-sick-leave-during-the-covid-19-pandemic/,Amazon,Operations,TRUE
25mar2020,politifact,https://www.politifact.com/factchecks/2020/mar/25/facebook-posts/beware-rumors-robbers-posing-covid-testers/,NV Energy,Other,FALSE
26mar2020,politifact,https://www.politifact.com/factchecks/2020/mar/26/facebook-posts/some-fast-food-chains-turn-away-truckers-drive-thr/,Mcdonald's,Operations,TRUE
30mar2020,Snopes,https://www.snopes.com/fact-check/wells-fargo-ceo-coronavirus/,Wells Fargo & Co,Founder/Executive Management,TRUE
07apr2020,politifact,https://www.politifact.com/factchecks/2020/apr/07/charlie-kirk/china-spying-you-through-zoom-charlie-kirk-oversta/,Zoom Video Communications,Politics,FALSE
10apr2020,Snopes,https://www.snopes.com/fact-check/bill-gates-india-sued/,Microsoft,Founder/Executive Management,FALSE
20apr2020,Snopes,https://www.snopes.com/fact-check/microsoft-own-patent-666/,Microsoft,Politics,FALSE
22apr2020,Snopes,https://www.snopes.com/fact-check/bill-gates-id2020/,Microsoft,Founder/Executive Management,FALSE
28apr2020,Snopes,https://www.snopes.com/fact-check/cnn-larry-king-live-tara-reade/,Warner Bros. Discovery,Politics,FALSE
01may2020,Snopes,https://www.snopes.com/fact-check/bill-gates-george-story-quote/,Microsoft,Founder/Executive Management,FALSE
06may2020,Snopes,https://www.snopes.com/fact-check/microsoft-crop-circle/,Microsoft,Politics,FALSE
07may2020,Snopes,https://www.snopes.com/fact-check/costco-response-facebook/,Costco Wholesale,Operations,FALSE
11may2020,politifact,https://www.politifact.com/factchecks/2020/may/11/viral-image/no-anthony-fauci-wasnt-microsofts-board-directors/,Microsoft,Politics,FALSE
18may2020,Snopes,https://www.snopes.com/fact-check/italy-bill-gates-arrest/,Microsoft,Founder/Executive Management,FALSE
19may2020,truthfiction,https://www.truthorfiction.com/kroger-employees-return-hero-pay/,Kroger,Operations,TRUE
21may2020,Snopes,https://www.snopes.com/fact-check/bill-gates-brief-cia-in-2005/,Microsoft,Founder/Executive Management,FALSE
22may2020,Snopes,https://www.snopes.com/fact-check/is-facebook-charging-a-user-fee/,Facebook,Operations,FALSE
27may2020,politifact,https://www.politifact.com/factchecks/2020/may/27/donald-trump/trumps-pants-fire-claim-twitter-completely-stiflin/,Twitter,Politics,FALSE
29may2020,Snopes,https://www.snopes.com/fact-check/twitter-warning-trumps-tweet/,Twitter,Politics,TRUE
31may2020,Snopes,https://www.snopes.com/fact-check/mcdonalds-burned-floyd-protests/,Mcdonald's,Politics,FALSE
02jun2020,Snopes,https://www.snopes.com/fact-check/nickelodeon-off-air-protest/,Paramount Global,Politics,TRUE
02jun2020,truthfiction,https://www.truthorfiction.com/nickelodeon-goes-off-the-air-for-eight-minutes-and-46-seconds-to-protest-death-of-george-floyd/,Paramount Global,Politics,TRUE
05jun2020,Snopes,https://www.snopes.com/fact-check/wendys-donate-trumps-reelection/,Wendy's,Politics,FALSE
07jun2020,Snopes,https://www.snopes.com/fact-check/fox-news-stock-death/,Fox Corporation,Politics,TRUE
15jun2020,Snopes,https://www.snopes.com/fact-check/walmart-audio-blm/,Walmart,Politics,FALSE
16jun2020,politifact,https://www.politifact.com/factchecks/2020/jun/16/facebook-posts/ex-employee-taco-bell-not-owner-made-threatening-c/,Yum! Brands,Founder/Executive Management,FALSE
24jun2020,Snopes,https://www.snopes.com/fact-check/adam-butsch-gallows-post-facebook/,Facebook,Politics,FALSE
26jun2020,politifact,https://www.politifact.com/factchecks/2020/jun/26/viral-image/no-chick-fil-isnt-just-opening-its-restaurants-sun/,Chick-fil-A,Politics,FALSE
07jul2020,Snopes,https://www.snopes.com/fact-check/facebook-lords-prayer/,Facebook,Religion,FALSE
10jul2020,Snopes,https://www.snopes.com/fact-check/ford-motor-company-defund-police/,Ford Motor,Politics,FALSE
13jul2020,Snopes,https://www.snopes.com/fact-check/goya-ceo-praise-trump/,Goya Foods,Politics,TRUE
14jul2020,Snopes,https://www.snopes.com/fact-check/facebook-ted-ad/,Facebook,Politics,FALSE
16jul2020,Snopes,https://www.snopes.com/fact-check/starbucks-defund-police/,Starbucks,Politics,FALSE
20jul2020,Snopes,https://www.snopes.com/fact-check/mcdonalds-covid-sign/,Mcdonald's,Operations,TRUE
23jul2020,politifact,https://www.politifact.com/factchecks/2020/jul/23/facebook-posts/no-bank-america-didnt-pledge-donate-1-billion-blac/,Bank Of America,Politics,FALSE
23jul2020,Snopes,https://www.snopes.com/fact-check/twitter-star-of-david/,Twitter,Politics,FALSE
24jul2020,Snopes,https://www.snopes.com/fact-check/kroger-blm-charge-receipt/,Kroger,Politics,FALSE
24jul2020,politifact,https://www.politifact.com/factchecks/2020/jul/24/viral-image/kroger-stores-arent-taxing-customers-blm-charge/,Kroger,Politics,FALSE
27jul2020,Snopes,https://www.snopes.com/fact-check/target-shop-with-a-cop/,Target,Operations,FALSE
28jul2020,politifact,https://www.politifact.com/factchecks/2020/jul/28/facebook-posts/walmart-pledged-100m-racial-equity-center-not-blac/,Walmart,Politics,FALSE
28jul2020,politifact,https://www.politifact.com/factchecks/2020/jul/28/joe-biden/biden-wrong-mcdonalds-workers-cant-jump-competing-/,Mcdonald's,Legal/Regulatory,FALSE
01aug2020,Snopes,https://www.snopes.com/fact-check/moderna-conspiracy/,Moderna,Politics,FALSE
10aug2020,politifact,https://www.politifact.com/factchecks/2020/aug/10/viral-image/disney-movie-not-nodding-pizzagate/,Walt Disney,Politics,FALSE
13aug2020,politifact,https://www.politifact.com/factchecks/2020/aug/13/facebook-posts/conspiracy-about-moderna-gates-epstein-fauci-and-s/,Moderna,Politics,FALSE
21aug2020,Snopes,https://www.snopes.com/fact-check/netflix-cuties-poster/,Netflix,Product,TRUE
24aug2020,Snopes,https://www.snopes.com/fact-check/pepsi-donates-black-lives-matter/,PepsiCo,Politics,FALSE
25aug2020,Snopes,https://www.snopes.com/fact-check/victoria-secret-tracking-device/,Victoria's Secret,Data privacy,FALSE
26aug2020,truthfiction,https://www.truthorfiction.com/victorias-secret-bra-tracking-devices/,Victoria's Secret,Data privacy,FALSE
08sep2020,politifact,https://www.politifact.com/factchecks/2020/sep/08/facebook-posts/no-nike-didnt-say-it-could-afford-lose-all-maga-cu/,Nike,Politics,FALSE
11sep2020,truthfiction,https://www.truthorfiction.com/facebook-cash-for-conservatives-deactivate/,Facebook,Politics,FALSE
12sep2020,Snopes,https://www.snopes.com/fact-check/kroger-blm-masks-flag-masks/,Kroger,Politics,FALSE
14sep2020,Snopes,https://www.snopes.com/fact-check/netflix-ceo-child-porn-arrest/,Netflix,Founder/Executive Management,FALSE
14sep2020,politifact,https://www.politifact.com/factchecks/2020/sep/14/facebook-posts/kroger-employees-cant-wear-blm-or-american-flag-ma/,Kroger,Politics,FALSE
17sep2020,Snopes,https://www.snopes.com/fact-check/netflix-ceo-kim-martin-morrow-porn/,Netflix,Founder/Executive Management,FALSE
17sep2020,Snopes,https://www.snopes.com/fact-check/mcdonalds-remove-american-flags/,Mcdonald's,Politics,FALSE
18sep2020,politifact,https://www.politifact.com/factchecks/2020/sep/18/viral-image/no-netflixs-ceo-wasnt-charged-15-counts-child-porn/,Netflix,Founder/Executive Management,FALSE
22sep2020,politifact,https://www.politifact.com/factchecks/2020/sep/22/facebook-posts/no-evidence-social-media-challenge-irs-scheme-catc/,Facebook,Politics,FALSE
23sep2020,politifact,https://www.politifact.com/factchecks/2020/sep/23/facebook-posts/no-facebook-hasnt-banned-trump-advertising/,Facebook,Politics,FALSE
29sep2020,politifact,https://www.politifact.com/factchecks/2020/sep/29/facebook-posts/no-pepsi-didnt-omit-under-god-pledge-allegiance-ca/,PepsiCo,Religion,FALSE
05oct2020,politifact,https://www.politifact.com/factchecks/2020/oct/05/instagram-posts/biden-didnt-tweet-or-wear-earpiece-during-debate/,Facebook,Politics,FALSE
07oct2020,truthfiction,https://www.truthorfiction.com/was-netflix-indicted-by-a-texas-grand-jury-over-cuties-controversy/,Netflix,Legal/Regulatory,FALSE
09oct2020,politifact,https://www.politifact.com/factchecks/2020/oct/09/viral-image/no-trump-didnt-tweet-his-blood-vaccine/,Twitter,Politics,FALSE
29oct2020,truthfiction,https://www.truthorfiction.com/someone-on-the-walmart-social-media-team-has-had-enough-of-covidiots/,Walmart,Politics,FALSE
30oct2020,Snopes,https://www.snopes.com/fact-check/cheesecake-factory-closing-rumor/,Cheesecake Factory,Operations,FALSE
30oct2020,politifact,https://www.politifact.com/factchecks/2020/oct/30/facebook-posts/no-youtube-didnt-remove-tucker-carlsons-interview-/,Alphabet,Politics,FALSE
03nov2020,politifact,https://www.politifact.com/factchecks/2020/nov/03/facebook-posts/kohls-has-t-shirt-line-promotes-racial-equality-it/,Kohl's,Politics,FALSE
07nov2020,Snopes,https://www.snopes.com/fact-check/trump-twitter-search-loser/,Twitter,Politics,TRUE
11nov2020,Snopes,https://www.snopes.com/fact-check/amazon-recall-ring-doorbells/,Amazon,Product,TRUE
13nov2020,truthfiction,https://www.truthorfiction.com/did-facebook-remove-the-title-of-president-from-donald-trump-and-designate-him-as-a-political-candidate/,Facebook,Politics,FALSE
13nov2020,politifact,https://www.politifact.com/factchecks/2020/nov/13/facebook-posts/no-facebook-didnt-remove-president-trumps-facebook/,Facebook,Politics,FALSE
15nov2020,Snopes,https://www.snopes.com/fact-check/raising-canes-chicken-bankruptcy/,Raising Cane's Chicken Fingers,Financial,FALSE
30nov2020,Snopes,https://www.snopes.com/fact-check/starbucks-drink-stop-metabolism/,Starbucks,Product,FALSE
01dec2020,truthfiction,https://www.truthorfiction.com/did-candace-owens-win-a-huge-lawsuit-against-facebook-fact-checkers/,Facebook,Legal/Regulatory,FALSE
03dec2020,Snopes,https://www.snopes.com/fact-check/pfizer-huge-bleeding-foot-sore/,Pfizer,Product,FALSE
04dec2020,Snopes,https://www.snopes.com/fact-check/covid-vaccine-female-sterilization/,Pfizer,Product,FALSE
07dec2020,Snopes,https://www.snopes.com/fact-check/taco-bell-refried-beans/,Yum! Brands,Product,TRUE
08dec2020,Snopes,https://www.snopes.com/fact-check/panera-bread-frozen/,Panera Bread,Product,TRUE
09dec2020,Snopes,https://www.snopes.com/fact-check/tom-brady-ppp/,TB12,Financial,TRUE
09dec2020,politifact,https://www.politifact.com/factchecks/2020/dec/09/facebook-posts/conspiracy-theory-targets-first-recipient-uk-covid/,Warner Bros. Discovery,Politics,FALSE
10dec2020,politifact,https://www.politifact.com/factchecks/2020/dec/10/blog-posting/no-pfizers-head-research-didnt-say-covid-19-vaccin/,Pfizer,Product,FALSE
10dec2020,Snopes,https://www.snopes.com/fact-check/unlock-iphone-tiktok-video/,Apple,Product,FALSE
11dec2020,Snopes,https://www.snopes.com/fact-check/olive-garden-closing/,Darden Restaurants,Operations,FALSE
11dec2020,politifact,https://www.politifact.com/factchecks/2020/dec/11/blog-posting/two-vaccine-trial-participants-died-fda-didnt-conn/,Pfizer,Product,FALSE
14dec2020,Snopes,https://www.snopes.com/fact-check/mcrib-tiktok-mcdonalds/,Mcdonald's,Operations,TRUE
16dec2020,truthfiction,https://www.truthorfiction.com/dominion-voting-systems-and-the-solarwinds-vulnerability-explained/,Dominion Voting Systems,Politics,FALSE
17dec2020,Snopes,https://www.snopes.com/fact-check/empty-chipotle-employees/,Chipotle Mexican Grill,Operations,FALSE
17dec2020,Snopes,https://www.snopes.com/fact-check/bill-barr-dominion/,Dominion Voting Systems,Politics,FALSE
17dec2020,Snopes,https://www.snopes.com/fact-check/mcdonalds-breakfast-exposed/,Mcdonald's,Product,TRUE
18dec2020,Snopes,https://www.snopes.com/fact-check/china-invade-usa-bing/,Microsoft,Politics,FALSE
18dec2020,politifact,https://www.politifact.com/factchecks/2020/dec/18/blog-posting/video-shared-facebook-inflates-risk-moderna-vaccin/,Moderna,Product,FALSE
19dec2020,Snopes,https://www.snopes.com/fact-check/walmart-employees-hiding-ps5/,Walmart,Operations,FALSE
19dec2020,Snopes,https://www.snopes.com/fact-check/alabama-nurse-covid/,Pfizer,Product,FALSE
20dec2020,Snopes,https://www.snopes.com/fact-check/nurse-passes-out/,Pfizer,Product,FALSE
21dec2020,Snopes,https://www.snopes.com/fact-check/starbucks-drive-thru-secrets/,Starbucks,Operations,TRUE
22dec2020,Snopes,https://www.snopes.com/fact-check/bolsonaro-covid-vaccine-crocodiles/,Pfizer,Product,TRUE
24dec2020,Snopes,https://www.snopes.com/fact-check/taco-bell-closing-2020/,Yum! Brands,Operations,FALSE
27dec2020,Snopes,https://www.snopes.com/fact-check/att-nashville-dominion-audit/,AT&T,Politics,FALSE
28dec2020,Snopes,https://www.snopes.com/fact-check/home-depot-recalled-ceiling-fans/,Home Depot,Product,TRUE
29dec2020,Snopes,https://www.snopes.com/fact-check/ruby-tuesday-closing/,Morrison Restaurants,Operations,FALSE
29dec2020,Snopes,https://www.snopes.com/fact-check/city-blue-imaging-ballots/,City Blue Imaging,Politics,FALSE
30dec2020,Snopes,https://www.snopes.com/fact-check/covid-vaccine-unprotected-sex/,Pfizer,Product,FALSE
30dec2020,Snopes,https://www.snopes.com/fact-check/amazon-spray-boxes-chemicals/,Amazon,Operations,FALSE
05jan2021,Snopes,https://www.snopes.com/fact-check/chinese-company-buy-ge/,General Electric,Politics,FALSE
06jan2021,Snopes,https://www.snopes.com/fact-check/apple-blocked-directions-capitol/,Apple,Politics,FALSE
07jan2021,truthfiction,https://www.truthorfiction.com/did-chuck-e-cheese-issue-a-statement-on-the-capitol-riots/,CEC Entertainment,Politics,FALSE
08jan2021,Snopes,https://www.snopes.com/fact-check/olive-garden-capitol-riot-hannity/,Darden Restaurants,Politics,FALSE
09jan2021,Snopes,https://www.snopes.com/fact-check/twitter-censor-1984-orwell/,Twitter,Politics,FALSE
11jan2021,Snopes,https://www.snopes.com/fact-check/apple-emergency-broadcast-system/,Apple,Politics,FALSE
16jan2021,Snopes,https://www.snopes.com/fact-check/empty-ps5-boxes-ebay/,eBay,Operations,FALSE
17jan2021,Snopes,https://www.snopes.com/fact-check/iphone-12-pacemakers/,Apple,Product,TRUE
18jan2021,truthfiction,https://www.truthorfiction.com/amazon-banned-parler-but-allowed-people-to-buy-this-shirt-from-their-website/,Amazon,Politics,TRUE
20jan2021,Snopes,https://www.snopes.com/fact-check/mypillow-discount-codes-qanon/,MyPillow,Politics,TRUE
21jan2021,Snopes,https://www.snopes.com/fact-check/bernice-king-mlk-day-instagram/,Facebook,Politics,TRUE
28jan2021,politifact,https://www.politifact.com/factchecks/2021/jan/28/facebook-posts/no-facebooks-recent-logout-glitch-not-related-its-/,Facebook,Data privacy,FALSE
02feb2021,politifact,https://www.politifact.com/factchecks/2021/feb/02/blog-posting/no-facebook-didnt-try-shut-down-gavin-newsom-recal/,Facebook,Politics,FALSE
04feb2021,Snopes,https://www.snopes.com/fact-check/kfc-black-history/,Yum! Brands,Politics,FALSE
04feb2021,Snopes,https://www.snopes.com/fact-check/mcdonalds-banned-mcfish/,Mcdonald's,Product,FALSE
05feb2021,Snopes,https://www.snopes.com/fact-check/cobra-kai-canceled-netflix/,Netflix,Product,FALSE
06feb2021,Snopes,https://www.snopes.com/fact-check/trump-quit-costco-letter/,Costco Wholesale,Politics,FALSE
09feb2021,Snopes,https://www.snopes.com/fact-check/truth-costco-kirkland-meat/,Costco Wholesale,Product,FALSE
10feb2021,Snopes,https://www.snopes.com/fact-check/costco-closing-stores/,Costco Wholesale,Operations,FALSE
10feb2021,politifact,https://www.politifact.com/factchecks/2021/feb/10/viral-image/no-gorilla-glue-did-not-tweet-about-woman-who-used/,Gorilla Glue Company,Product,FALSE
11feb2021,Snopes,https://www.snopes.com/fact-check/zoom-teachers-mute/,Zoom Video Communications,Data privacy,FALSE
15feb2021,politifact,https://www.politifact.com/factchecks/2021/feb/15/facebook-posts/nabisco-plant-closures-arent-linked-biden-win-wont/,Mondelez International,Politics,FALSE
20feb2021,Snopes,https://www.snopes.com/fact-check/china-own-dreamworks/,Dreamworks,Politics,FALSE
24feb2021,Snopes,https://www.snopes.com/fact-check/coca-cola-try-to-be-less-white/,Coca Cola,Politics,FALSE
24feb2021,politifact,https://www.politifact.com/factchecks/2021/feb/24/facebook-posts/no-coca-colas-ceo-didnt-say-about-conservatives/,Coca Cola,Politics,FALSE
26feb2021,Snopes,https://www.snopes.com/fact-check/oreos-fake-tweet/,Mondelez International,Operations,FALSE
28feb2021,Snopes,https://www.snopes.com/fact-check/walmart-closing-every-store/,Walmart,Operations,FALSE
02mar2021,Snopes,https://www.snopes.com/fact-check/austin-285m-contracts/,Raytheon,Politics,FALSE
02mar2021,Snopes,https://www.snopes.com/fact-check/amazon-logo-hitlers-mustache/,Amazon,Politics,TRUE
02mar2021,politifact,https://www.politifact.com/factchecks/2021/mar/02/viral-image/no-instagram-isnt-limiting-your-posts/,Facebook,Operations,FALSE
05mar2021,Snopes,https://www.snopes.com/fact-check/pfizer-vaccine-israel/,Pfizer,Product,FALSE
05mar2021,Snopes,https://www.snopes.com/fact-check/netflix-n-word-party/,Netflix,Operations,TRUE
05mar2021,Snopes,https://www.snopes.com/fact-check/elon-musk-death-hoax/,Tesla,Founder/Executive Management,FALSE
09mar2021,truthfiction,https://www.truthorfiction.com/has-disney-canceled-dumbo-peter-pan-and-the-aristocats/,Walt Disney,Operations,FALSE
11mar2021,Snopes,https://www.snopes.com/fact-check/covid-vaccine-aborted-fetal-cells/,Johnson & Johnson,Product,FALSE
19mar2021,Snopes,https://www.snopes.com/fact-check/chicken-lice-sores-walmart/,Walmart,Product,FALSE
20mar2021,Snopes,https://www.snopes.com/fact-check/netflix-umbrella-academy-canceled/,Netflix,Product,FALSE
22mar2021,Snopes,https://www.snopes.com/fact-check/costco-kirkland-shampoo/,Costco Wholesale,Product,FALSE
25mar2021,politifact,https://www.politifact.com/factchecks/2021/mar/25/facebook-posts/no-gates-didnt-say-80-getting-moderna-vaccine-had-/,Moderna,Product,FALSE
26mar2021,factcheck,https://www.factcheck.org/2021/03/scicheck-pfizer-ceo-got-vaccinated-contrary-to-claim-in-video/,Pfizer,Founder/Executive Management,FALSE
26mar2021,truthfiction,https://www.truthorfiction.com/facebook-zuckerberg-jan-schakowsky/,Facebook,Legal/Regulatory,FALSE
28mar2021,Snopes,https://www.snopes.com/fact-check/costco-founder-kill-hotdogs/,Costco Wholesale,Founder/Executive Management,TRUE
30mar2021,Snopes,https://www.snopes.com/fact-check/spongebob-squarepants-episodes-removed/,Paramount Global,Product,TRUE
30mar2021,Snopes,https://www.snopes.com/fact-check/ford-jobs-ohio-mexico/,Ford Motor,Operations,FALSE
30mar2021,Snopes,https://www.snopes.com/fact-check/guess-bag-sales-rip-off-telfar/,Guess,Product,TRUE
01apr2021,Snopes,https://www.snopes.com/fact-check/tucker-carlson-owns-swanson/,Conagra Brands,Financial,FALSE
04apr2021,Snopes,https://www.snopes.com/fact-check/salmon-burger-recall/,Costco Wholesale,Product,TRUE
06apr2021,politifact,https://www.politifact.com/factchecks/2021/apr/06/facebook-posts/no-sign-tax-moves-trump-or-biden-affected-ford-car/,Ford Motor,Politics,FALSE
07apr2021,Snopes,https://www.snopes.com/fact-check/facebook-data-breach/,Facebook,Data privacy,TRUE
07apr2021,Snopes,https://www.snopes.com/fact-check/pfizer-ceo-covid19-vaccine/,Pfizer,Founder/Executive Management,FALSE
15apr2021,truthfiction,https://www.truthorfiction.com/are-birth-control-pills-1000-times-more-likely-to-cause-blood-clots-than-the-jj-vaccine/,Johnson & Johnson,Product,FALSE
15apr2021,Snopes,https://www.snopes.com/fact-check/mypillow-mike-lindell-frank-god/,MyPillow,Founder/Executive Management,TRUE
19apr2021,Snopes,https://www.snopes.com/fact-check/walgreens-saline-covid-vaccine/,Walgreens,Operations,TRUE
19apr2021,politifact,https://www.politifact.com/factchecks/2021/apr/19/facebook-posts/no-hobby-lobbys-ceo-didnt-say-stores-are-closing/,Hobby Lobby Stores,Operations,FALSE
19apr2021,politifact,https://www.politifact.com/factchecks/2021/apr/19/facebook-posts/foot-locker-did-not-donate-200-million-black-lives/,Foot Locker Retail,Politics,FALSE
22apr2021,Snopes,https://www.snopes.com/fact-check/recall-church-vitamin-gummies/,Church & Dwight,Product,TRUE
26apr2021,Snopes,https://www.snopes.com/fact-check/pfizer-neurological-damage/,Pfizer,Product,FALSE
27apr2021,Snopes,https://www.snopes.com/fact-check/rupert-murdoch-fox-news-ratings/,Fox Corporation,Operations,FALSE
28apr2021,Snopes,https://www.snopes.com/fact-check/england-banned-fox-news/,Fox Corporation,Politics,FALSE
05may2021,truthfiction,https://www.truthorfiction.com/dollar-general-maine/,Dollar General,Politics,TRUE
06may2021,politifact,https://www.politifact.com/factchecks/2021/may/06/blog-posting/report-teen-died-2-days-after-covid-shot-was-unver/,Pfizer,Product,FALSE
07may2021,Snopes,https://www.snopes.com/fact-check/paypal-twitter-jar-address/,Twitter,Product,TRUE
11may2021,Snopes,https://www.snopes.com/fact-check/snow-white-canceled/,Walt Disney,Product,FALSE
13may2021,politifact,https://www.politifact.com/factchecks/2021/may/13/viral-image/no-isnt-real-exxon-gas-station-sign/,Exxon Mobil,Operations,FALSE
17may2021,Snopes,https://www.snopes.com/fact-check/ricky-schroder-costco/,Costco Wholesale,Operations,TRUE
19may2021,truthfiction,https://www.truthorfiction.com/black-lives-matter-says-it-stands-with-hamas-fox-news-stealth-edit/,Fox Corporation,Politics,TRUE
21may2021,politifact,https://www.politifact.com/factchecks/2021/may/21/instagram-posts/no-moderna-vaccine-does-not-contain-ingredient-s-r/,Moderna,Product,FALSE
24may2021,politifact,https://www.politifact.com/factchecks/2021/may/24/viral-image/no-chelsea-clinton-didnt-tweet-about-bill-gates/,Microsoft,Founder/Executive Management,FALSE
26may2021,factcheck,https://www.factcheck.org/2021/05/scicheck-vaccine-ingredient-sm-102-is-safe/,Moderna,Product,FALSE
28may2021,truthfiction,https://www.truthorfiction.com/this-photo-of-chick-fil-a-honoring-fallen-soldiers-on-memorial-day-is-triggering-liberals/,Chick-fil-A,Politics,FALSE
